burial,section,method,element,area3d_tot_element,tot_section,percentage,element_perc
7,total,virtual,CB,8102.725,86653.956,9.35066946,NA
7,total,physical,CB,225,1538,14.62938882,NA
7,total,virtual,LB,28726.94,86653.956,33.15133126,NA
7,total,physical,LB,585,1538,38.03641092,NA
7,total,virtual,SB,49824.291,86653.956,57.49799928,NA
7,total,physical,SB,561,1538,36.47594278,NA
7,total,virtual,UL,0,86653.956,0,NA
7,total,physical,UL,18,1538,1.170351105,NA
7,total,virtual,LL,0,86653.956,0,NA
7,total,physical,LL,61,1538,3.966189857,NA
7,total,virtual,T,0,86653.956,0,NA
7,total,physical,T,88,1538,5.721716515,NA
7,total,virtual,TOT,86653.956,86653.956,100,NA
7,total,physical,TOT,1538,1538,100,NA
7,upper,virtual,CB,4440.118,19370.562,22.92198853,54.79783653
7,upper,physical,CB,164,927,17.69147789,72.88888889
7,upper,virtual,LB,7218.28,19370.562,37.26417437,25.12721508
7,upper,physical,LB,365,927,39.37432578,62.39316239
7,upper,virtual,SB,7712.164,19370.562,39.8138371,15.47872302
7,upper,physical,SB,311,927,33.54908306,55.43672014
7,upper,virtual,UL,0,19370.562,0,NA
7,upper,physical,UL,12,927,1.294498382,66.66666667
7,upper,virtual,LL,0,19370.562,0,NA
7,upper,physical,LL,27,927,2.912621359,44.26229508
7,upper,virtual,T,0,19370.562,0,NA
7,upper,physical,T,48,927,5.177993528,54.54545455
7,upper,virtual,TOT,19370.562,19370.562,100,22.35392692
7,upper,physical,TOT,927,927,100,60.27308192
7,central,virtual,CB,3450.552,45131.691,7.645518977,42.58508094
7,central,physical,CB,54,322,16.77018634,24
7,central,virtual,LB,16077,45131.691,35.62241885,55.96488871
7,central,physical,LB,125,322,38.81987578,21.36752137
7,central,virtual,SB,25604.139,45131.691,56.73206218,51.38886773
7,central,physical,SB,101,322,31.36645963,18.00356506
7,central,virtual,UL,0,45131.691,0,NA
7,central,physical,UL,4,322,1.242236025,22.22222222
7,central,virtual,LL,0,45131.691,0,NA
7,central,physical,LL,15,322,4.658385093,24.59016393
7,central,virtual,T,0,45131.691,0,NA
7,central,physical,T,23,322,7.142857143,26.13636364
7,central,virtual,TOT,45131.691,45131.691,100,52.0826666
7,central,physical,TOT,322,322,100,20.93628088
7,lower,virtual,CB,227.0699,22282.5018,1.019050294,2.80238932
7,lower,physical,CB,7,289,2.422145329,3.111111111
7,lower,virtual,LB,5479.452,22282.5018,24.59082938,19.0742627
7,lower,physical,LB,95,289,32.87197232,16.23931624
7,lower,virtual,SB,16575.9799,22282.5018,74.39012032,33.26887261
7,lower,physical,SB,149,289,51.55709343,26.5597148
7,lower,virtual,UL,0,22282.5018,0,NA
7,lower,physical,UL,2,289,0.692041522,11.11111111
7,lower,virtual,LL,0,22282.5018,0,NA
7,lower,physical,LL,19,289,6.574394464,31.14754098
7,lower,virtual,T,0,22282.5018,0,NA
7,lower,physical,T,17,289,5.882352941,19.31818182
7,lower,virtual,TOT,22282.5018,22282.5018,100,25.71435031
7,lower,physical,TOT,289,289,100,18.79063719
7,half_A,virtual,CB,7018.055,42462.398,16.52769351,86.61351582
7,half_A,physical,CB,171,946,18.07610994,76
7,half_A,virtual,LB,17300.32,42462.398,40.7426825,60.22333043
7,half_A,physical,LB,364,946,38.47780127,62.22222222
7,half_A,virtual,SB,18144.023,42462.398,42.72962398,36.41601844
7,half_A,physical,SB,313,946,33.08668076,55.79322638
7,half_A,virtual,UL,0,42462.398,0,NA
7,half_A,physical,UL,9,946,0.951374207,50
7,half_A,virtual,LL,0,42462.398,0,NA
7,half_A,physical,LL,32,946,3.382663848,52.45901639
7,half_A,virtual,T,0,42462.398,0,NA
7,half_A,physical,T,57,946,6.025369979,64.77272727
7,half_A,virtual,TOT,42462.398,42462.398,100,49.00226136
7,half_A,physical,TOT,946,946,100,61.50845254
7,half_B,virtual,CB,1109.008,44366.623,2.499644834,13.68685226
7,half_B,physical,CB,54,592,9.121621622,24
7,half_B,virtual,LB,11493.46,44366.623,25.90564533,40.00934315
7,half_B,physical,LB,221,592,37.33108108,37.77777778
7,half_B,virtual,SB,31764.155,44366.623,71.59470983,63.75234722
7,half_B,physical,SB,248,592,41.89189189,44.20677362
7,half_B,virtual,UL,0,44366.623,0,NA
7,half_B,physical,UL,9,592,1.52027027,50
7,half_B,virtual,LL,0,44366.623,0,NA
7,half_B,physical,LL,29,592,4.898648649,47.54098361
7,half_B,virtual,T,0,44366.623,0,NA
7,half_B,physical,T,31,592,5.236486486,35.22727273
7,half_B,virtual,TOT,44366.623,44366.623,100,51.19976634
7,half_B,physical,TOT,592,592,100,38.49154746
7,half_C,virtual,CB,4643.17,41987.512,11.05845471,57.30380829
7,half_C,physical,CB,135,831,16.24548736,60
7,half_C,virtual,LB,14753,41987.512,35.13663777,51.35597457
7,half_C,physical,LB,307,831,36.94344164,52.47863248
7,half_C,virtual,SB,22591.342,41987.512,53.80490752,45.34202403
7,half_C,physical,SB,300,831,36.10108303,53.47593583
7,half_C,virtual,UL,0,41987.512,0,NA
7,half_C,physical,UL,10,831,1.203369434,55.55555556
7,half_C,virtual,LL,0,41987.512,0,NA
7,half_C,physical,LL,32,831,3.85078219,52.45901639
7,half_C,virtual,T,0,41987.512,0,NA
7,half_C,physical,T,47,831,5.655836342,53.40909091
7,half_C,virtual,TOT,41987.512,41987.512,100,48.4542356
7,half_C,physical,TOT,831,831,100,54.03120936
7,half_D,virtual,CB,3472.188,44871.895,7.738001705,42.85210222
7,half_D,physical,CB,90,707,12.72984441,40
7,half_D,virtual,LB,14023.42,44871.895,31.25212341,48.81626794
7,half_D,physical,LB,278,707,39.32107496,47.52136752
7,half_D,virtual,SB,27376.287,44871.895,61.00987489,54.94566295
7,half_D,physical,SB,261,707,36.9165488,46.52406417
7,half_D,virtual,UL,0,44871.895,0,NA
7,half_D,physical,UL,8,707,1.131541726,44.44444444
7,half_D,virtual,LL,0,44871.895,0,NA
7,half_D,physical,LL,29,707,4.101838755,47.54098361
7,half_D,virtual,T,0,44871.895,0,NA
7,half_D,physical,T,41,707,5.799151344,46.59090909
7,half_D,virtual,TOT,44871.895,44871.895,100,51.78285802
7,half_D,physical,TOT,707,707,100,45.96879064
8,total,virtual,CB,15844.318,131956.9112,12.00719072,NA
8,total,physical,CB,413,3155,13.09033281,NA
8,total,virtual,LB,29402.66,131956.9112,22.28201595,NA
8,total,physical,LB,999,3155,31.66402536,NA
8,total,virtual,SB,70329.5,131956.9112,53.2973221,NA
8,total,physical,SB,1150,3155,36.45007924,NA
8,total,virtual,UL,644.3552,131956.9112,0.488307277,NA
8,total,physical,UL,61,3155,1.933438986,NA
8,total,virtual,LL,4315.038,131956.9112,3.270035621,NA
8,total,physical,LL,150,3155,4.754358162,NA
8,total,virtual,T,11421.04,131956.9112,8.655128326,NA
8,total,physical,T,382,3155,12.10776545,NA
8,total,virtual,TOT,131956.9112,131956.9112,100,NA
8,total,physical,TOT,3155,3155,100,NA
8,upper,virtual,CB,4354.3685,49293.7095,8.833517591,27.48220845
8,upper,physical,CB,128,880,14.54545455,30.99273608
8,upper,virtual,LB,18630.85,49293.7095,37.79559337,63.36450512
8,upper,physical,LB,248,880,28.18181818,24.82482482
8,upper,virtual,SB,24988.5,49293.7095,50.69308083,35.53060949
8,upper,physical,SB,334,880,37.95454545,29.04347826
8,upper,virtual,UL,0,49293.7095,0,0
8,upper,physical,UL,13,880,1.477272727,21.31147541
8,upper,virtual,LL,0,49293.7095,0,0
8,upper,physical,LL,67,880,7.613636364,44.66666667
8,upper,virtual,T,1319.991,49293.7095,2.67780821,11.55753767
8,upper,physical,T,90,880,10.22727273,23.56020942
8,upper,virtual,TOT,49293.7095,49293.7095,100,37.35591342
8,upper,physical,TOT,880,880,100,27.89223455
8,central,virtual,CB,7397.3967,59443.8599,12.44434112,46.68800954
8,central,physical,CB,216,1573,13.73172282,52.30024213
8,central,virtual,LB,8186.18,59443.8599,13.77127934,27.84163066
8,central,physical,LB,546,1573,34.7107438,54.65465465
8,central,virtual,SB,31838.55,59443.8599,53.56070426,45.27054792
8,central,physical,SB,537,1573,34.13858868,46.69565217
8,central,virtual,UL,566.6022,59443.8599,0.953171952,87.93320827
8,central,physical,UL,29,1573,1.843610935,47.54098361
8,central,virtual,LL,3828.971,59443.8599,6.441322967,88.73551056
8,central,physical,LL,45,1573,2.860775588,30
8,central,virtual,T,7626.16,59443.8599,12.82918036,66.77290334
8,central,physical,T,200,1573,12.71455817,52.35602094
8,central,virtual,TOT,59443.8599,59443.8599,100,45.04793221
8,central,physical,TOT,1573,1573,100,49.85736926
8,lower,virtual,CB,4107.0381,23353.0787,17.58670946,25.92120469
8,lower,physical,CB,69,702,9.829059829,16.70702179
8,lower,virtual,LB,2609.673,23353.0787,11.17485636,8.875635742
8,lower,physical,LB,205,702,29.2022792,20.52052052
8,lower,virtual,SB,13575.14,23353.0787,58.1299801,19.30219894
8,lower,physical,SB,279,702,39.74358974,24.26086957
8,lower,virtual,UL,78.7896,23353.0787,0.33738421,12.22766573
8,lower,physical,UL,19,702,2.706552707,31.14754098
8,lower,virtual,LL,493.244,23353.0787,2.112115522,11.43081475
8,lower,physical,LL,38,702,5.413105413,25.33333333
8,lower,virtual,T,2489.194,23353.0787,10.65895436,21.79481028
8,lower,physical,T,92,702,13.10541311,24.08376963
8,lower,virtual,TOT,23353.0787,23353.0787,100,17.69750329
8,lower,physical,TOT,702,702,100,22.2503962
8,half_A,virtual,CB,6981.7501,67324.42038,10.37030852,44.0646931
8,half_A,physical,CB,158,1351,11.69504071,38.2566586
8,half_A,virtual,LB,15849.47,67324.42038,23.54193309,53.9048848
8,half_A,physical,LB,465,1351,34.41894893,46.54654655
8,half_A,virtual,SB,38465.7,67324.42038,57.1348402,54.69354965
8,half_A,physical,SB,458,1351,33.90081421,39.82608696
8,half_A,virtual,UL,9.45028,67324.42038,0.014036927,1.466625861
8,half_A,physical,UL,32,1351,2.36861584,52.45901639
8,half_A,virtual,LL,3838.988,67324.42038,5.702222133,88.9676522
8,half_A,physical,LL,73,1351,5.403404885,48.66666667
8,half_A,virtual,T,2179.062,67324.42038,3.236659132,19.0793658
8,half_A,physical,T,165,1351,12.21317543,43.19371728
8,half_A,virtual,TOT,67324.42038,67324.42038,100,51.02000325
8,half_A,physical,TOT,1351,1351,100,42.82091918
8,half_B,virtual,CB,8882.2578,64823.3539,13.70224968,56.05957795
8,half_B,physical,CB,255,1804,14.13525499,61.7433414
8,half_B,virtual,LB,13582.3,64823.3539,20.95278813,46.19411985
8,half_B,physical,LB,534,1804,29.60088692,53.45345345
8,half_B,virtual,SB,31955.1,64823.3539,49.29565979,45.43626785
8,half_B,physical,SB,692,1804,38.35920177,60.17391304
8,half_B,virtual,UL,635.7722,64823.3539,0.980776467,98.66797071
8,half_B,physical,UL,29,1804,1.607538803,47.54098361
8,half_B,virtual,LL,488.8539,64823.3539,0.754132378,11.3290752
8,half_B,physical,LL,77,1804,4.268292683,51.33333333
8,half_B,virtual,T,9279.07,64823.3539,14.31439357,81.24540322
8,half_B,physical,T,217,1804,12.02882483,56.80628272
8,half_B,virtual,TOT,64823.3539,64823.3539,100,49.12463721
8,half_B,physical,TOT,1804,1804,100,57.17908082
8,half_D,virtual,CB,6650.104,72299.9419,9.197938235,41.97153831
8,half_D,physical,CB,189,1437,13.15240084,45.76271186
8,half_D,virtual,LB,14735.81,72299.9419,20.38149632,50.1172683
8,half_D,physical,LB,466,1437,32.42867084,46.64664665
8,half_D,virtual,SB,45272.5,72299.9419,62.61761602,64.37199184
8,half_D,physical,SB,500,1437,34.7947112,43.47826087
8,half_D,virtual,UL,0,72299.9419,0,0
8,half_D,physical,UL,26,1437,1.809324983,42.62295082
8,half_D,virtual,LL,223.1279,72299.9419,0.308614218,5.170937081
8,half_D,physical,LL,82,1437,5.706332637,54.66666667
8,half_D,virtual,T,5418.4,72299.9419,7.494335206,47.44226445
8,half_D,physical,T,174,1437,12.1085595,45.54973822
8,half_D,virtual,TOT,72299.9419,72299.9419,100,54.79056856
8,half_D,physical,TOT,1437,1437,100,45.54675119
8,half_C,virtual,CB,9240.3557,59928.7989,15.4188902,58.31968091
8,half_C,physical,CB,224,1718,13.03841676,54.23728814
8,half_C,virtual,LB,14725,59928.7989,24.5708245,50.08050292
8,half_C,physical,LB,533,1718,31.02444703,53.35335335
8,half_C,virtual,SB,25176.66,59928.7989,42.01095377,35.79815014
8,half_C,physical,SB,650,1718,37.8346915,56.52173913
8,half_C,virtual,UL,644.3552,59928.7989,1.075201259,100
8,half_C,physical,UL,35,1718,2.037252619,57.37704918
8,half_C,virtual,LL,4104.248,59928.7989,6.848540393,95.11499088
8,half_C,physical,LL,68,1718,3.958090803,45.33333333
8,half_C,virtual,T,6038.18,59928.7989,10.07558988,52.86891562
8,half_C,physical,T,208,1718,12.10710128,54.45026178
8,half_C,virtual,TOT,59928.7989,59928.7989,100,45.4154302
8,half_C,physical,TOT,1718,1718,100,54.45324881
15,total,virtual,CB,12127.907,175147.496,6.924396453,NA
15,total,physical,CB,281,1708,16.45199063,NA
15,total,virtual,LB,46661.4,175147.496,26.64120302,NA
15,total,physical,LB,575,1708,33.66510539,NA
15,total,virtual,SB,79957.23,175147.496,45.65136918,NA
15,total,physical,SB,437,1708,25.58548009,NA
15,total,virtual,UL,2349.318,175147.496,1.341336904,NA
15,total,physical,UL,70,1708,4.098360656,NA
15,total,virtual,LL,13855.361,175147.496,7.910681749,NA
15,total,physical,LL,142,1708,8.31381733,NA
15,total,virtual,T,20196.28,175147.496,11.5310127,NA
15,total,physical,T,203,1708,11.8852459,NA
15,total,virtual,TOT,175147.496,175147.496,100,NA
15,total,physical,TOT,1708,1708,100,NA
15,upper,virtual,CB,4061.615,41372.371,9.817215939,33.4898264
15,upper,physical,CB,142,562,25.26690391,50.53380783
15,upper,virtual,LB,14432.66,41372.371,34.88477854,30.93061931
15,upper,physical,LB,199,562,35.40925267,34.60869565
15,upper,virtual,SB,19326.968,41372.371,46.71467342,24.17163276
15,upper,physical,SB,69,562,12.27758007,15.78947368
15,upper,virtual,UL,776.229,41372.371,1.876201391,33.04061008
15,upper,physical,UL,33,562,5.871886121,47.14285714
15,upper,virtual,LL,0,41372.371,0,0
15,upper,physical,LL,25,562,4.448398577,17.6056338
15,upper,virtual,T,2774.899,41372.371,6.707130708,13.73965404
15,upper,physical,T,94,562,16.72597865,46.30541872
15,upper,virtual,TOT,41372.371,41372.371,100,23.62144589
15,upper,physical,TOT,562,562,100,32.90398126
15,central,virtual,CB,858.027,90953.047,0.943373563,7.074815135
15,central,physical,CB,38,762,4.98687664,13.52313167
15,central,virtual,LB,26994.74,90953.047,29.67986328,57.85240049
15,central,physical,LB,296,762,38.84514436,51.47826087
15,central,virtual,SB,46964.491,90953.047,51.63597323,58.73701603
15,central,physical,SB,284,762,37.27034121,64.98855835
15,central,virtual,UL,997.878,90953.047,1.097135316,42.47522047
15,central,physical,UL,26,762,3.412073491,37.14285714
15,central,virtual,LL,3613.351,90953.047,3.9727652,26.07908231
15,central,physical,LL,47,762,6.167979003,33.09859155
15,central,virtual,T,11524.56,90953.047,12.67088941,57.06278582
15,central,physical,T,71,762,9.317585302,34.97536946
15,central,virtual,TOT,90953.047,90953.047,100,51.92940183
15,central,physical,TOT,762,762,100,44.61358314
15,lower,virtual,CB,7222.36,43034.474,16.78273098,59.55157803
15,lower,physical,CB,101,384,26.30208333,35.9430605
15,lower,virtual,LB,5303.64,43034.474,12.32416597,11.36622562
15,lower,physical,LB,80,384,20.83333333,13.91304348
15,lower,virtual,SB,13761.9,43034.474,31.97878055,17.21157674
15,lower,physical,SB,84,384,21.875,19.22196796
15,lower,virtual,UL,578.499,43034.474,1.344268783,24.62412496
15,lower,physical,UL,11,384,2.864583333,15.71428571
15,lower,virtual,LL,10245.415,43034.474,23.80745957,73.94549301
15,lower,physical,LL,70,384,18.22916667,49.29577465
15,lower,virtual,T,5922.66,43034.474,13.76259415,29.32549955
15,lower,physical,T,38,384,9.895833333,18.71921182
15,lower,virtual,TOT,43034.474,43034.474,100,24.57041921
15,lower,physical,TOT,384,384,100,22.4824356
15,half_A,virtual,CB,6438.18,87709.739,7.340325115,53.08566433
15,half_A,physical,CB,136,759,17.91831357,48.39857651
15,half_A,virtual,LB,17699.73,87709.739,20.17989131,37.93227379
15,half_A,physical,LB,221,759,29.11725955,38.43478261
15,half_A,virtual,SB,36679.57,87709.739,41.81926707,45.87398788
15,half_A,physical,SB,179,759,23.58366271,40.9610984
15,half_A,virtual,UL,1714.941,87709.739,1.955245814,72.99739754
15,half_A,physical,UL,44,759,5.797101449,62.85714286
15,half_A,virtual,LL,7632.548,87709.739,8.70205303,55.08732685
15,half_A,physical,LL,87,759,11.46245059,61.26760563
15,half_A,virtual,T,17544.77,87709.739,20.00321766,86.87129511
15,half_A,physical,T,92,759,12.12121212,45.32019704
15,half_A,virtual,TOT,87709.739,87709.739,100,50.0776437
15,half_A,physical,TOT,759,759,100,44.43793911
15,half_B,virtual,CB,5710.707,87711.265,6.510802233,47.08732513
15,half_B,physical,CB,145,949,15.27924131,51.60142349
15,half_B,virtual,LB,29050.2,87711.265,33.12026112,62.25745477
15,half_B,physical,LB,354,949,37.3024236,61.56521739
15,half_B,virtual,SB,43381.79,87711.265,49.45977008,54.25624424
15,half_B,physical,SB,258,949,27.18651212,59.0389016
15,half_B,virtual,UL,640.163,87711.265,0.729852659,27.2488867
15,half_B,physical,UL,26,949,2.739726027,37.14285714
15,half_B,virtual,LL,6271.259,87711.265,7.14989004,45.26232842
15,half_B,physical,LL,55,949,5.795574289,38.73239437
15,half_B,virtual,T,2657.146,87711.265,3.029423872,13.15661102
15,half_B,physical,T,111,949,11.69652266,54.67980296
15,half_B,virtual,TOT,87711.265,87711.265,100,50.07851497
15,half_B,physical,TOT,949,949,100,55.56206089
15,half_C,virtual,CB,5181.58,97279.077,5.326510242,42.72443712
15,half_C,physical,CB,127,761,16.68856767,45.19572954
15,half_C,virtual,LB,24171.12,97279.077,24.84719299,51.80110327
15,half_C,physical,LB,235,761,30.8804205,40.86956522
15,half_C,virtual,SB,41410.7,97279.077,42.56896886,51.7910638
15,half_C,physical,SB,174,761,22.86465177,39.81693364
15,half_C,virtual,UL,2349.318,97279.077,2.415029082,100
15,half_C,physical,UL,46,761,6.044678055,65.71428571
15,half_C,virtual,LL,11301.339,97279.077,11.61744061,81.56654309
15,half_C,physical,LL,84,761,11.03810775,59.15492958
15,half_C,virtual,T,12865.02,97279.077,13.22485821,63.6999487
15,half_C,physical,T,95,761,12.48357424,46.79802956
15,half_C,virtual,TOT,97279.077,97279.077,100,55.54123195
15,half_C,physical,TOT,761,761,100,44.55503513
15,half_D,virtual,CB,6985.307,78153.48655,8.93793394,57.59697036
15,half_D,physical,CB,154,947,16.26187962,54.80427046
15,half_D,virtual,LB,22557.85,78153.48655,28.86352356,48.34370593
15,half_D,physical,LB,340,947,35.90285111,59.13043478
15,half_D,virtual,SB,38690.77,78153.48655,49.50613429,48.38933265
15,half_D,physical,SB,263,947,27.7719113,60.18306636
15,half_D,virtual,UL,0,78153.48655,0,0
15,half_D,physical,UL,24,947,2.534318902,34.28571429
15,half_D,virtual,LL,2555.07955,78153.48655,3.269309743,18.4410897
15,half_D,physical,LL,58,947,6.124604013,40.84507042
15,half_D,virtual,T,7364.48,78153.48655,9.423098476,36.46453703
15,half_D,physical,T,108,947,11.40443506,53.20197044
15,half_D,virtual,TOT,78153.48655,78153.48655,100,44.62152662
15,half_D,physical,TOT,947,947,100,55.44496487
16,total,virtual,CB,11778.177,90410.515,13.02744155,NA
16,total,physical,CB,283,1101,25.70390554,NA
16,total,virtual,LB,19684.23,90410.515,21.77205826,NA
16,total,physical,LB,379,1101,34.42325159,NA
16,total,virtual,SB,51975.412,90410.515,57.48823796,NA
16,total,physical,SB,240,1101,21.79836512,NA
16,total,virtual,UL,0,90410.515,0,NA
16,total,physical,UL,27,1101,2.452316076,NA
16,total,virtual,LL,5623.271,90410.515,6.219709068,NA
16,total,physical,LL,74,1101,6.721162579,NA
16,total,virtual,T,1349.425,90410.515,1.492553162,NA
16,total,physical,T,98,1101,8.900999092,NA
16,total,virtual,TOT,90410.515,90410.515,100,NA
16,total,physical,TOT,1101,1101,100,NA
16,upper,virtual,CB,3525.261,14741.63911,23.91362978,29.93044679
16,upper,physical,CB,75,423,17.73049645,26.50176678
16,upper,virtual,LB,5129.121,14741.63911,34.793424,26.05700604
16,upper,physical,LB,209,423,49.40898345,55.14511873
16,upper,virtual,SB,6086.896,14741.63911,41.29049663,11.71110678
16,upper,physical,SB,81,423,19.14893617,33.75
16,upper,virtual,UL,0,14741.63911,0,NA
16,upper,physical,UL,15,423,3.546099291,55.55555556
16,upper,virtual,LL,0.361109,14741.63911,0.002449585,0.006421689
16,upper,physical,LL,3,423,0.709219858,4.054054054
16,upper,virtual,T,0,14741.63911,0,0
16,upper,physical,T,40,423,9.456264775,40.81632653
16,upper,virtual,TOT,14741.63911,14741.63911,100,16.30522634
16,upper,physical,TOT,423,423,100,38.41961853
16,central,virtual,CB,3323.3146,50614.239,6.565967731,28.21586566
16,central,physical,CB,127,401,31.67082294,44.87632509
16,central,virtual,LB,10255.52,50614.239,20.26212426,52.10018375
16,central,physical,LB,115,401,28.67830424,30.34300792
16,central,virtual,SB,32242.7514,50614.239,63.70292636,62.03462399
16,central,physical,SB,82,401,20.44887781,34.16666667
16,central,virtual,UL,0,50614.239,0,NA
16,central,physical,UL,6,401,1.496259352,22.22222222
16,central,virtual,LL,4792.653,50614.239,9.468981644,85.22891748
16,central,physical,LL,33,401,8.229426434,44.59459459
16,central,virtual,T,0,50614.239,0,0
16,central,physical,T,38,401,9.476309227,38.7755102
16,central,virtual,TOT,50614.239,50614.239,100,55.98269073
16,central,physical,TOT,401,401,100,36.42143506
16,lower,virtual,CB,4943.976,25187.6234,19.62859267,41.9757319
16,lower,physical,CB,81,277,29.24187726,28.62190813
16,lower,virtual,LB,4324.67,25187.6234,17.16982159,21.97022693
16,lower,physical,LB,55,277,19.85559567,14.51187335
16,lower,virtual,SB,13726.2184,25187.6234,54.49588547,26.40906127
16,lower,physical,SB,77,277,27.79783394,32.08333333
16,lower,virtual,UL,0,25187.6234,0,NA
16,lower,physical,UL,6,277,2.166064982,22.22222222
16,lower,virtual,LL,843.334,25187.6234,3.348207914,14.99721425
16,lower,physical,LL,38,277,13.71841155,51.35135135
16,lower,virtual,T,1349.425,25187.6234,5.357492363,100
16,lower,physical,T,20,277,7.220216606,20.40816327
16,lower,virtual,TOT,25187.6234,25187.6234,100,27.85917479
16,lower,physical,TOT,277,277,100,25.15894641
16,half_A,virtual,CB,4763.76,47603.994,10.00705949,40.44564791
16,half_A,physical,CB,140,535,26.1682243,49.46996466
16,half_A,virtual,LB,10697.73,47603.994,22.47233709,54.34670292
16,half_A,physical,LB,173,535,32.3364486,45.64643799
16,half_A,virtual,SB,30892.51,47603.994,64.89478593,59.43677753
16,half_A,physical,SB,129,535,24.11214953,53.75
16,half_A,virtual,UL,0,47603.994,0,NA
16,half_A,physical,UL,13,535,2.429906542,48.14814815
16,half_A,virtual,LL,1249.994,47603.994,2.625817489,22.22894824
16,half_A,physical,LL,29,535,5.420560748,39.18918919
16,half_A,virtual,T,0,47603.994,0,0
16,half_A,physical,T,51,535,9.53271028,52.04081633
16,half_A,virtual,TOT,47603.994,47603.994,100,52.65316097
16,half_A,physical,TOT,535,535,100,48.59218892
16,half_B,virtual,CB,7038.727,43008.168,16.36602377,59.76075075
16,half_B,physical,CB,143,566,25.26501767,50.53003534
16,half_B,virtual,LB,9014.89,43008.168,20.96087887,45.79752421
16,half_B,physical,LB,206,566,36.39575972,54.35356201
16,half_B,virtual,SB,21217.092,43008.168,49.3327035,40.82140224
16,half_B,physical,SB,111,566,19.61130742,46.25
16,half_B,virtual,UL,0,43008.168,0,NA
16,half_B,physical,UL,14,566,2.473498233,51.85185185
16,half_B,virtual,LL,4388.034,43008.168,10.20279218,78.03347909
16,half_B,physical,LL,45,566,7.950530035,60.81081081
16,half_B,virtual,T,1349.425,43008.168,3.137601676,100
16,half_B,physical,T,47,566,8.303886926,47.95918367
16,half_B,virtual,TOT,43008.168,43008.168,100,47.56987392
16,half_B,physical,TOT,566,566,100,51.40781108
16,half_C,virtual,CB,8953.787,45501.256,19.67810954,76.02014302
16,half_C,physical,CB,215,668,32.18562874,75.97173145
16,half_C,virtual,LB,9577.8,45501.256,21.04952883,48.65722459
16,half_C,physical,LB,224,668,33.53293413,59.10290237
16,half_C,virtual,SB,22001.365,45501.256,48.35331359,42.33033304
16,half_C,physical,SB,138,668,20.65868263,57.5
16,half_C,virtual,UL,0,45501.256,0,NA
16,half_C,physical,UL,20,668,2.994011976,74.07407407
16,half_C,virtual,LL,4968.304,45501.256,10.91904804,88.35256206
16,half_C,physical,LL,27,668,4.041916168,36.48648649
16,half_C,virtual,T,0,45501.256,0,0
16,half_C,physical,T,44,668,6.586826347,44.89795918
16,half_C,virtual,TOT,45501.256,45501.256,100,50.32739389
16,half_C,physical,TOT,668,668,100,60.67211626
16,half_D,virtual,CB,2834.229,45065.575,6.289122018,24.06339283
16,half_D,physical,CB,68,433,15.70438799,24.02826855
16,half_D,virtual,LB,10188.05,45065.575,22.60716744,51.75742206
16,half_D,physical,LB,155,433,35.79676674,40.89709763
16,half_D,virtual,SB,30026.427,45065.575,66.62830109,57.77044538
16,half_D,physical,SB,102,433,23.55658199,42.5
16,half_D,virtual,UL,0,45065.575,0,NA
16,half_D,physical,UL,7,433,1.616628176,25.92592593
16,half_D,virtual,LL,667.444,45065.575,1.481050669,11.86931948
16,half_D,physical,LL,47,433,10.85450346,63.51351351
16,half_D,virtual,T,1349.425,45065.575,2.994358776,100
16,half_D,physical,T,54,433,12.47113164,55.10204082
16,half_D,virtual,TOT,45065.575,45065.575,100,49.84550193
16,half_D,physical,TOT,433,433,100,39.32788374
19,total,virtual,CB,27403.6245,160006.4945,17.12657013,NA
19,total,physical,CB,402,2239,17.95444395,NA
19,total,virtual,LB,38406.05,160006.4945,24.00280696,NA
19,total,physical,LB,1039,2239,46.40464493,NA
19,total,virtual,SB,94196.82,160006.4945,58.8706229,NA
19,total,physical,SB,599,2239,26.75301474,NA
19,total,virtual,UL,0,160006.4945,0,NA
19,total,physical,UL,26,2239,1.161232693,NA
19,total,virtual,LL,0,160006.4945,0,NA
19,total,physical,LL,77,2239,3.439035284,NA
19,total,virtual,T,0,160006.4945,0,NA
19,total,physical,T,96,2239,4.287628406,NA
19,total,virtual,TOT,160006.4945,160006.4945,100,NA
19,total,physical,TOT,2239,2239,100,NA
19,upper,virtual,CB,3050.275,54987.765,5.547188543,11.1309181
19,upper,physical,CB,35,491,7.128309572,8.706467662
19,upper,virtual,LB,11360.75,54987.765,20.66050511,29.58062597
19,upper,physical,LB,158,491,32.17922607,15.20692974
19,upper,virtual,SB,40576.74,54987.765,73.79230634,43.07654972
19,upper,physical,SB,203,491,41.34419552,33.88981636
19,upper,virtual,UL,0,54987.765,0,NA
19,upper,physical,UL,14,491,2.851323829,53.84615385
19,upper,virtual,LL,0,54987.765,0,NA
19,upper,physical,LL,55,491,11.20162933,71.42857143
19,upper,virtual,T,0,54987.765,0,NA
19,upper,physical,T,26,491,5.295315682,27.08333333
19,upper,virtual,TOT,54987.765,54987.765,100,34.36595819
19,upper,physical,TOT,491,491,100,21.92943278
19,central,virtual,CB,8363.4769,73870.6669,11.3217834,30.51960116
19,central,physical,CB,63,725,8.689655172,15.67164179
19,central,virtual,LB,20034.67,73870.6669,27.12127945,52.16540102
19,central,physical,LB,374,725,51.5862069,35.99615014
19,central,virtual,SB,45472.52,73870.6669,61.55693716,48.27394386
19,central,physical,SB,226,725,31.17241379,37.72954925
19,central,virtual,UL,0,73870.6669,0,NA
19,central,physical,UL,9,725,1.24137931,34.61538462
19,central,virtual,LL,0,73870.6669,0,NA
19,central,physical,LL,20,725,2.75862069,25.97402597
19,central,virtual,T,0,73870.6669,0,NA
19,central,physical,T,33,725,4.551724138,34.375
19,central,virtual,TOT,73870.6669,73870.6669,100,46.16729285
19,central,physical,TOT,725,725,100,32.38052702
19,lower,virtual,CB,16013.2666,31364.7866,51.05491966,58.43484901
19,lower,physical,CB,304,1023,29.71652004,75.62189055
19,lower,virtual,LB,7061.51,31364.7866,22.51413373,18.38645213
19,lower,physical,LB,507,1023,49.5601173,48.79692012
19,lower,virtual,SB,8290.01,31364.7866,26.43094661,8.800732339
19,lower,physical,SB,170,1023,16.61779081,28.38063439
19,lower,virtual,UL,0,31364.7866,0,NA
19,lower,physical,UL,3,1023,0.293255132,11.53846154
19,lower,virtual,LL,0,31364.7866,0,NA
19,lower,physical,LL,2,1023,0.195503421,2.597402597
19,lower,virtual,T,0,31364.7866,0,NA
19,lower,physical,T,37,1023,3.616813294,38.54166667
19,lower,virtual,TOT,31364.7866,31364.7866,100,19.60219596
19,lower,physical,TOT,1023,1023,100,45.6900402
19,half_A,virtual,CB,16499.5519,84264.4319,19.58068372,60.20937814
19,half_A,physical,CB,285,1205,23.65145228,70.89552239
19,half_A,virtual,LB,16338.88,84264.4319,19.3900079,42.54246401
19,half_A,physical,LB,513,1205,42.57261411,49.37439846
19,half_A,virtual,SB,51426,84264.4319,61.02930838,54.59419968
19,half_A,physical,SB,305,1205,25.31120332,50.91819699
19,half_A,virtual,UL,0,84264.4319,0,NA
19,half_A,physical,UL,10,1205,0.829875519,38.46153846
19,half_A,virtual,LL,0,84264.4319,0,NA
19,half_A,physical,LL,39,1205,3.236514523,50.64935065
19,half_A,virtual,T,0,84264.4319,0,NA
19,half_A,physical,T,53,1205,4.398340249,55.20833333
19,half_A,virtual,TOT,84264.4319,84264.4319,100,52.66313231
19,half_A,physical,TOT,1205,1205,100,53.81866905
19,half_B,virtual,CB,10967.45,76082.8,14.41515034,40.02189564
19,half_B,physical,CB,117,1034,11.31528046,29.10447761
19,half_B,virtual,LB,22145.63,76082.8,29.10727523,57.66182672
19,half_B,physical,LB,526,1034,50.87040619,50.62560154
19,half_B,virtual,SB,42969.72,76082.8,56.47757443,45.61695395
19,half_B,physical,SB,294,1034,28.43326886,49.08180301
19,half_B,virtual,UL,0,76082.8,0,NA
19,half_B,physical,UL,16,1034,1.547388781,61.53846154
19,half_B,virtual,LL,0,76082.8,0,NA
19,half_B,physical,LL,38,1034,3.675048356,49.35064935
19,half_B,virtual,T,0,76082.8,0,NA
19,half_B,physical,T,43,1034,4.15860735,44.79166667
19,half_B,virtual,TOT,76082.8,76082.8,100,47.54981992
19,half_B,physical,TOT,1034,1034,100,46.18133095
19,half_C,virtual,CB,7423.5992,81410.5092,9.118723458,27.08984426
19,half_C,physical,CB,129,985,13.0964467,32.08955224
19,half_C,virtual,LB,21526.39,81410.5092,26.44178278,56.04947658
19,half_C,physical,LB,472,985,47.91878173,45.42829644
19,half_C,virtual,SB,52460.52,81410.5092,64.43949377,55.69245331
19,half_C,physical,SB,291,985,29.54314721,48.58096828
19,half_C,virtual,UL,0,81410.5092,0,NA
19,half_C,physical,UL,8,985,0.812182741,30.76923077
19,half_C,virtual,LL,0,81410.5092,0,NA
19,half_C,physical,LL,44,985,4.467005076,57.14285714
19,half_C,virtual,T,0,81410.5092,0,NA
19,half_C,physical,T,41,985,4.162436548,42.70833333
19,half_C,virtual,TOT,81410.5092,81410.5092,100,50.87950302
19,half_C,physical,TOT,985,985,100,43.99285395
19,half_D,virtual,CB,20061.3952,78897.6152,25.42712495,73.20708689
19,half_D,physical,CB,273,1254,21.77033493,67.91044776
19,half_D,virtual,LB,16981.12,78897.6152,21.52298261,44.21470055
19,half_D,physical,LB,567,1254,45.215311,54.57170356
19,half_D,virtual,SB,41855.1,78897.6152,53.04989244,44.4336656
19,half_D,physical,SB,308,1254,24.56140351,51.41903172
19,half_D,virtual,UL,0,78897.6152,0,NA
19,half_D,physical,UL,18,1254,1.435406699,69.23076923
19,half_D,virtual,LL,0,78897.6152,0,NA
19,half_D,physical,LL,33,1254,2.631578947,42.85714286
19,half_D,virtual,T,0,78897.6152,0,NA
19,half_D,physical,T,55,1254,4.385964912,57.29166667
19,half_D,virtual,TOT,78897.6152,78897.6152,100,49.30900802
19,half_D,physical,TOT,1254,1254,100,56.00714605
20,total,virtual,CB,8555.29,76716.346,11.15184761,NA
20,total,physical,CB,144,776,18.55670103,NA
20,total,virtual,LB,14020.38,76716.346,18.27560974,NA
20,total,physical,LB,367,776,47.29381443,NA
20,total,virtual,SB,54140.676,76716.346,70.57254265,NA
20,total,physical,SB,184,776,23.71134021,NA
20,total,virtual,UL,0,76716.346,0,NA
20,total,physical,UL,9,776,1.159793814,NA
20,total,virtual,LL,0,76716.346,0,NA
20,total,physical,LL,25,776,3.221649485,NA
20,total,virtual,T,0,76716.346,0,NA
20,total,physical,T,47,776,6.056701031,NA
20,total,virtual,TOT,76716.346,76716.346,100,NA
20,total,physical,TOT,776,776,100,NA
20,upper,virtual,CB,55.1016,8814.5677,0.62511971,0.644064666
20,upper,physical,CB,15,131,11.45038168,10.41666667
20,upper,virtual,LB,348.4241,8814.5677,3.952821192,2.485125938
20,upper,physical,LB,68,131,51.90839695,18.52861035
20,upper,virtual,SB,8411.042,8814.5677,95.4220591,15.53553192
20,upper,physical,SB,39,131,29.77099237,21.19565217
20,upper,virtual,UL,0,8814.5677,0,NA
20,upper,physical,UL,0,131,0,0
20,upper,virtual,LL,0,8814.5677,0,NA
20,upper,physical,LL,7,131,5.34351145,28
20,upper,virtual,T,0,8814.5677,0,NA
20,upper,physical,T,2,131,1.526717557,4.255319149
20,upper,virtual,TOT,8814.5677,8814.5677,100,11.48981692
20,upper,physical,TOT,131,131,100,16.8814433
20,central,virtual,CB,3552.862,52955.526,6.709143065,41.52824744
20,central,physical,CB,49,349,14.04011461,34.02777778
20,central,virtual,LB,11445.7,52955.526,21.61379721,81.63616107
20,central,physical,LB,164,349,46.99140401,44.6866485
20,central,virtual,SB,37956.964,52955.526,71.67705973,70.10803485
20,central,physical,SB,94,349,26.93409742,51.08695652
20,central,virtual,UL,0,52955.526,0,NA
20,central,physical,UL,6,349,1.719197708,66.66666667
20,central,virtual,LL,0,52955.526,0,NA
20,central,physical,LL,14,349,4.011461318,56
20,central,virtual,T,0,52955.526,0,NA
20,central,physical,T,22,349,6.303724928,46.80851064
20,central,virtual,TOT,52955.526,52955.526,100,69.02769587
20,central,physical,TOT,349,349,100,44.9742268
20,lower,virtual,CB,4964.8,15099.156,32.88130807,58.03193112
20,lower,physical,CB,80,296,27.02702703,55.55555556
20,lower,virtual,LB,2250.975,15099.156,14.90795247,16.05502133
20,lower,physical,LB,135,296,45.60810811,36.78474114
20,lower,virtual,SB,7883.381,15099.156,52.21073946,14.56092089
20,lower,physical,SB,51,296,17.22972973,27.7173913
20,lower,virtual,UL,0,15099.156,0,NA
20,lower,physical,UL,3,296,1.013513514,33.33333333
20,lower,virtual,LL,0,15099.156,0,NA
20,lower,physical,LL,4,296,1.351351351,16
20,lower,virtual,T,0,15099.156,0,NA
20,lower,physical,T,23,296,7.77027027,48.93617021
20,lower,virtual,TOT,15099.156,15099.156,100,19.68179767
20,lower,physical,TOT,296,296,100,38.1443299
20,half_A,virtual,CB,3515.926,34628.524,10.15326556,41.09651455
20,half_A,physical,CB,52,391,13.29923274,36.11111111
20,half_A,virtual,LB,7945.858,34628.524,22.945991,56.67362796
20,half_A,physical,LB,187,391,47.82608696,50.95367847
20,half_A,virtual,SB,23166.74,34628.524,66.90074344,42.78989793
20,half_A,physical,SB,112,391,28.64450128,60.86956522
20,half_A,virtual,UL,0,34628.524,0,NA
20,half_A,physical,UL,5,391,1.278772379,55.55555556
20,half_A,virtual,LL,0,34628.524,0,NA
20,half_A,physical,LL,19,391,4.859335038,76
20,half_A,virtual,T,0,34628.524,0,NA
20,half_A,physical,T,16,391,4.092071611,34.04255319
20,half_A,virtual,TOT,34628.524,34628.524,100,45.13839072
20,half_A,physical,TOT,391,391,100,50.38659794
20,half_B,virtual,CB,5070.91,42276.535,11.99462066,59.27221637
20,half_B,physical,CB,92,385,23.8961039,63.88888889
20,half_B,virtual,LB,6103.29,42276.535,14.43658994,43.53155906
20,half_B,physical,LB,180,385,46.75324675,49.04632153
20,half_B,virtual,SB,31102.335,42276.535,73.5687894,57.44726017
20,half_B,physical,SB,72,385,18.7012987,39.13043478
20,half_B,virtual,UL,0,42276.535,0,NA
20,half_B,physical,UL,4,385,1.038961039,44.44444444
20,half_B,virtual,LL,0,42276.535,0,NA
20,half_B,physical,LL,6,385,1.558441558,24
20,half_B,virtual,T,0,42276.535,0,NA
20,half_B,physical,T,31,385,8.051948052,65.95744681
20,half_B,virtual,TOT,42276.535,42276.535,100,55.10759728
20,half_B,physical,TOT,385,385,100,49.61340206
20,half_C,virtual,CB,2489.555,42294.055,5.886300096,29.09959803
20,half_C,physical,CB,42,356,11.79775281,29.16666667
20,half_C,virtual,LB,8227.12,42294.055,19.45219015,58.67972195
20,half_C,physical,LB,170,356,47.75280899,46.32152589
20,half_C,virtual,SB,31577.38,42294.055,74.66150976,58.32468734
20,half_C,physical,SB,103,356,28.93258427,55.97826087
20,half_C,virtual,UL,0,42294.055,0,NA
20,half_C,physical,UL,2,356,0.561797753,22.22222222
20,half_C,virtual,LL,0,42294.055,0,NA
20,half_C,physical,LL,20,356,5.617977528,80
20,half_C,virtual,T,0,42294.055,0,NA
20,half_C,physical,T,19,356,5.337078652,40.42553191
20,half_C,virtual,TOT,42294.055,42294.055,100,55.13043465
20,half_C,physical,TOT,356,356,100,45.87628866
20,half_D,virtual,CB,6084.67,34600.215,17.58564217,71.12172703
20,half_D,physical,CB,102,420,24.28571429,70.83333333
20,half_D,virtual,LB,5815.349,34600.215,16.80726261,41.47782728
20,half_D,physical,LB,197,420,46.9047619,53.67847411
20,half_D,virtual,SB,22700.196,34600.215,65.60709522,41.92817245
20,half_D,physical,SB,81,420,19.28571429,44.02173913
20,half_D,virtual,UL,0,34600.215,0,NA
20,half_D,physical,UL,7,420,1.666666667,77.77777778
20,half_D,virtual,LL,0,34600.215,0,NA
20,half_D,physical,LL,5,420,1.19047619,20
20,half_D,virtual,T,0,34600.215,0,NA
20,half_D,physical,T,28,420,6.666666667,59.57446809
20,half_D,virtual,TOT,34600.215,34600.215,100,45.10148984
20,half_D,physical,TOT,420,420,100,54.12371134
26,total,virtual,CB,19885.4968,79510.8518,25.00978967,NA
26,total,physical,CB,260,844,30.8056872,NA
26,total,virtual,LB,20945.52,79510.8518,26.34297021,NA
26,total,physical,LB,267,844,31.63507109,NA
26,total,virtual,SB,28695.3043,79510.8518,36.08979611,NA
26,total,physical,SB,160,844,18.95734597,NA
26,total,virtual,UL,130.9915,79510.8518,0.164746694,NA
26,total,physical,UL,18,844,2.132701422,NA
26,total,virtual,LL,9155.3334,79510.8518,11.5145709,NA
26,total,physical,LL,42,844,4.976303318,NA
26,total,virtual,T,698.2058,79510.8518,0.878126424,NA
26,total,physical,T,97,844,11.492891,NA
26,total,virtual,TOT,79510.8518,79510.8518,100,NA
26,total,physical,TOT,844,844,100,NA
26,upper,virtual,CB,8682.522423,17673.71752,49.12674661,43.66258741
26,upper,physical,CB,172,380,45.26315789,66.15384615
26,upper,virtual,LB,3209.781,17673.71752,18.16132342,15.32442737
26,upper,physical,LB,88,380,23.15789474,32.9588015
26,upper,virtual,SB,5489.15,17673.71752,31.05826487,19.12908796
26,upper,physical,SB,53,380,13.94736842,33.125
26,upper,virtual,UL,0,17673.71752,0,0
26,upper,physical,UL,8,380,2.105263158,44.44444444
26,upper,virtual,LL,0,17673.71752,0,0
26,upper,physical,LL,5,380,1.315789474,11.9047619
26,upper,virtual,T,292.2641,17673.71752,1.653665108,41.85930567
26,upper,physical,T,54,380,14.21052632,55.67010309
26,upper,virtual,TOT,17673.71752,17673.71752,100,22.22805708
26,upper,physical,TOT,380,380,100,45.02369668
26,central,virtual,CB,10839.23089,38599.47419,28.08129157,54.50822275
26,central,physical,CB,77,259,29.72972973,29.61538462
26,central,virtual,LB,11992.65,38599.47419,31.06946468,57.25639659
26,central,physical,LB,106,259,40.92664093,39.70037453
26,central,virtual,SB,12453.5793,38599.47419,32.2635983,43.39936308
26,central,physical,SB,40,259,15.44401544,25
26,central,virtual,UL,73.415,38599.47419,0.190196891,56.04562128
26,central,physical,UL,7,259,2.702702703,38.88888889
26,central,virtual,LL,3240.599,38599.47419,8.39544856,35.39575085
26,central,physical,LL,10,259,3.861003861,23.80952381
26,central,virtual,T,0,38599.47419,0,0
26,central,physical,T,19,259,7.335907336,19.58762887
26,central,virtual,TOT,38599.47419,38599.47419,100,48.54617114
26,central,physical,TOT,259,259,100,30.68720379
26,lower,virtual,CB,393.2058,23365.3318,1.682859903,1.977349643
26,lower,physical,CB,11,205,5.365853659,4.230769231
26,lower,virtual,LB,5771.86,23365.3318,24.70266654,27.55653715
26,lower,physical,LB,73,205,35.6097561,27.34082397
26,lower,virtual,SB,10805.634,23365.3318,46.24643935,37.65645378
26,lower,physical,SB,67,205,32.68292683,41.875
26,lower,virtual,UL,58.3386,23365.3318,0.249680169,44.53617219
26,lower,physical,UL,3,205,1.463414634,16.66666667
26,lower,virtual,LL,5930.3514,23365.3318,25.38098517,64.77482732
26,lower,physical,LL,27,205,13.17073171,64.28571429
26,lower,virtual,T,405.942,23365.3318,1.737368865,58.1407373
26,lower,physical,T,24,205,11.70731707,24.74226804
26,lower,virtual,TOT,23365.3318,23365.3318,100,29.38634321
26,lower,physical,TOT,205,205,100,24.28909953
26,half_A,virtual,CB,8951.5736,42501.6353,21.06171571,45.01558945
26,half_A,physical,CB,119,384,30.98958333,45.76923077
26,half_A,virtual,LB,12013.54,42501.6353,28.26606533,57.35613153
26,half_A,physical,LB,124,384,32.29166667,46.44194757
26,half_A,virtual,SB,14959.1782,42501.6353,35.19671207,52.13110146
26,half_A,physical,SB,60,384,15.625,37.5
26,half_A,virtual,UL,0,42501.6353,0,0
26,half_A,physical,UL,9,384,2.34375,50
26,half_A,virtual,LL,6285.0794,42501.6353,14.78785312,68.64937764
26,half_A,physical,LL,19,384,4.947916667,45.23809524
26,half_A,virtual,T,292.2641,42501.6353,0.687653776,41.85930567
26,half_A,physical,T,53,384,13.80208333,54.63917526
26,half_A,virtual,TOT,42501.6353,42501.6353,100,53.45387999
26,half_A,physical,TOT,384,384,100,45.49763033
26,half_B,virtual,CB,10994.08238,37225.41598,29.53380665,55.28693847
26,half_B,physical,CB,141,460,30.65217391,54.23076923
26,half_B,virtual,LB,9007.69,37225.41598,24.19768796,43.00533002
26,half_B,physical,LB,143,460,31.08695652,53.55805243
26,half_B,virtual,SB,13816.4561,37225.41598,37.11565267,48.14883981
26,half_B,physical,SB,100,460,21.73913043,62.5
26,half_B,virtual,UL,130.9915,37225.41598,0.35188727,100
26,half_B,physical,UL,9,460,1.956521739,50
26,half_B,virtual,LL,2870.254,37225.41598,7.710468572,31.35062236
26,half_B,physical,LL,23,460,5,54.76190476
26,half_B,virtual,T,405.942,37225.41598,1.09049688,58.1407373
26,half_B,physical,T,44,460,9.565217391,45.36082474
26,half_B,virtual,TOT,37225.41598,37225.41598,100,46.81803193
26,half_B,physical,TOT,460,460,100,54.50236967
26,half_C,virtual,CB,8230.9202,37171.4576,22.14311929,41.39157439
26,half_C,physical,CB,117,360,32.5,45
26,half_C,virtual,LB,11203.68,37171.4576,30.14054526,53.48962451
26,half_C,physical,LB,115,360,31.94444444,43.07116105
26,half_C,virtual,SB,15336.61,37171.4576,41.25910306,53.44641005
26,half_C,physical,SB,57,360,15.83333333,35.625
26,half_C,virtual,UL,130.9915,37171.4576,0.352398072,100
26,half_C,physical,UL,8,360,2.222222222,44.44444444
26,half_C,virtual,LL,2236.144,37171.4576,6.015755487,24.42449556
26,half_C,physical,LL,16,360,4.444444444,38.0952381
26,half_C,virtual,T,33.1119,37171.4576,0.089078831,4.742426946
26,half_C,physical,T,47,360,13.05555556,48.45360825
26,half_C,virtual,TOT,37171.4576,37171.4576,100,46.75016901
26,half_C,physical,TOT,360,360,100,42.65402844
26,half_D,virtual,CB,11692.1146,42506.1992,27.50684564,58.79719636
26,half_D,physical,CB,143,484,29.54545455,55
26,half_D,virtual,LB,9803.49,42506.1992,23.06367115,46.80471051
26,half_D,physical,LB,152,484,31.40495868,56.92883895
26,half_D,virtual,SB,13397.8943,42506.1992,31.51985958,46.69019767
26,half_D,physical,SB,103,484,21.28099174,64.375
26,half_D,virtual,UL,0,42506.1992,0,0
26,half_D,physical,UL,10,484,2.066115702,55.55555556
26,half_D,virtual,LL,6947.6064,42506.1992,16.34492505,75.88589182
26,half_D,physical,LL,26,484,5.371900826,61.9047619
26,half_D,virtual,T,665.0939,42506.1992,1.564698591,95.25757305
26,half_D,physical,T,50,484,10.33057851,51.54639175
26,half_D,virtual,TOT,42506.1992,42506.1992,100,53.45961996
26,half_D,physical,TOT,484,484,100,57.34597156
29,total,virtual,CB,1290.885,2969.815,43.46684895,NA
29,total,physical,CB,262,416,62.98076923,NA
29,total,virtual,LB,1678.93,2969.815,56.53315105,NA
29,total,physical,LB,91,416,21.875,NA
29,total,virtual,SB,0,2969.815,0,NA
29,total,physical,SB,22,416,5.288461538,NA
29,total,virtual,UL,0,2969.815,0,NA
29,total,physical,UL,0,416,0,NA
29,total,virtual,LL,0,2969.815,0,NA
29,total,physical,LL,0,416,0,NA
29,total,virtual,T,0,2969.815,0,NA
29,total,physical,T,41,416,9.855769231,NA
29,total,virtual,TOT,2969.815,2969.815,100,NA
29,total,physical,TOT,416,416,100,NA
29,upper,virtual,CB,218.2595,510.971,42.71465504,16.90774159
29,upper,physical,CB,67,86,77.90697674,25.57251908
29,upper,virtual,LB,292.7115,510.971,57.28534496,17.43440763
29,upper,physical,LB,14,86,16.27906977,15.38461538
29,upper,virtual,SB,0,510.971,0,NA
29,upper,physical,SB,2,86,2.325581395,9.090909091
29,upper,virtual,UL,0,510.971,0,NA
29,upper,physical,UL,0,86,0,NA
29,upper,virtual,LL,0,510.971,0,NA
29,upper,physical,LL,0,86,0,NA
29,upper,virtual,T,0,510.971,0,NA
29,upper,physical,T,3,86,3.488372093,7.317073171
29,upper,virtual,TOT,510.971,510.971,100,17.2054825
29,upper,physical,TOT,86,86,100,20.67307692
29,central,virtual,CB,578.542,851.0767,67.97765701,44.81747019
29,central,physical,CB,88,148,59.45945946,33.58778626
29,central,virtual,LB,272.5347,851.0767,32.02234299,16.23264222
29,central,physical,LB,39,148,26.35135135,42.85714286
29,central,virtual,SB,0,851.0767,0,NA
29,central,physical,SB,12,148,8.108108108,54.54545455
29,central,virtual,UL,0,851.0767,0,NA
29,central,physical,UL,0,148,0,NA
29,central,virtual,LL,0,851.0767,0,NA
29,central,physical,LL,0,148,0,NA
29,central,virtual,T,0,851.0767,0,NA
29,central,physical,T,9,148,6.081081081,21.95121951
29,central,virtual,TOT,851.0767,851.0767,100,28.65756621
29,central,physical,TOT,148,148,100,35.57692308
29,lower,virtual,CB,494.585,1608.958,30.73945995,38.31363754
29,lower,physical,CB,107,182,58.79120879,40.83969466
29,lower,virtual,LB,1114.373,1608.958,69.26054005,66.37400011
29,lower,physical,LB,38,182,20.87912088,41.75824176
29,lower,virtual,SB,0,1608.958,0,NA
29,lower,physical,SB,8,182,4.395604396,36.36363636
29,lower,virtual,UL,0,1608.958,0,NA
29,lower,physical,UL,0,182,0,NA
29,lower,virtual,LL,0,1608.958,0,NA
29,lower,physical,LL,0,182,0,NA
29,lower,virtual,T,0,1608.958,0,NA
29,lower,physical,T,29,182,15.93406593,70.73170732
29,lower,virtual,TOT,1608.958,1608.958,100,54.1770447
29,lower,physical,TOT,182,182,100,43.75
29,half_A,virtual,CB,488.413,1019.41,47.91134087,37.83551594
29,half_A,physical,CB,107,168,63.69047619,40.83969466
29,half_A,virtual,LB,530.997,1019.41,52.08865913,31.62710774
29,half_A,physical,LB,36,168,21.42857143,39.56043956
29,half_A,virtual,SB,0,1019.41,0,NA
29,half_A,physical,SB,4,168,2.380952381,18.18181818
29,half_A,virtual,UL,0,1019.41,0,NA
29,half_A,physical,UL,0,168,0,NA
29,half_A,virtual,LL,0,1019.41,0,NA
29,half_A,physical,LL,0,168,0,NA
29,half_A,virtual,T,0,1019.41,0,NA
29,half_A,physical,T,21,168,12.5,51.2195122
29,half_A,virtual,TOT,1019.41,1019.41,100,34.32570716
29,half_A,physical,TOT,168,168,100,40.38461538
29,half_B,virtual,CB,805.798,1952.14,41.27767476,62.42213675
29,half_B,physical,CB,155,248,62.5,59.16030534
29,half_B,virtual,LB,1146.342,1952.14,58.72232524,68.27812952
29,half_B,physical,LB,55,248,22.17741935,60.43956044
29,half_B,virtual,SB,0,1952.14,0,NA
29,half_B,physical,SB,18,248,7.258064516,81.81818182
29,half_B,virtual,UL,0,1952.14,0,NA
29,half_B,physical,UL,0,248,0,NA
29,half_B,virtual,LL,0,1952.14,0,NA
29,half_B,physical,LL,0,248,0,NA
29,half_B,virtual,T,0,1952.14,0,NA
29,half_B,physical,T,20,248,8.064516129,48.7804878
29,half_B,virtual,TOT,1952.14,1952.14,100,65.73271399
29,half_B,physical,TOT,248,248,100,59.61538462
29,half_C,virtual,CB,415.6264,1146.6294,36.24766642,32.19701213
29,half_C,physical,CB,138,215,64.18604651,52.67175573
29,half_C,virtual,LB,731.003,1146.6294,63.75233358,43.53981405
29,half_C,physical,LB,40,215,18.60465116,43.95604396
29,half_C,virtual,SB,0,1146.6294,0,NA
29,half_C,physical,SB,15,215,6.976744186,68.18181818
29,half_C,virtual,UL,0,1146.6294,0,NA
29,half_C,physical,UL,0,215,0,NA
29,half_C,virtual,LL,0,1146.6294,0,NA
29,half_C,physical,LL,0,215,0,NA
29,half_C,virtual,T,0,1146.6294,0,NA
29,half_C,physical,T,22,215,10.23255814,53.65853659
29,half_C,virtual,TOT,1146.6294,1146.6294,100,38.60945547
29,half_C,physical,TOT,215,215,100,51.68269231
29,half_D,virtual,CB,875.2588,1824.5858,47.97027358,67.80300337
29,half_D,physical,CB,124,201,61.69154229,47.32824427
29,half_D,virtual,LB,949.327,1824.5858,52.02972642,56.54357239
29,half_D,physical,LB,51,201,25.37313433,56.04395604
29,half_D,virtual,SB,0,1824.5858,0,NA
29,half_D,physical,SB,7,201,3.482587065,31.81818182
29,half_D,virtual,UL,0,1824.5858,0,NA
29,half_D,physical,UL,0,201,0,NA
29,half_D,virtual,LL,0,1824.5858,0,NA
29,half_D,physical,LL,0,201,0,NA
29,half_D,virtual,T,0,1824.5858,0,NA
29,half_D,physical,T,19,201,9.452736318,46.34146341
29,half_D,virtual,TOT,1824.5858,1824.5858,100,61.43769225
29,half_D,physical,TOT,201,201,100,48.31730769
30,total,virtual,CB,10083.6931,39198.4051,25.72475353,NA
30,total,physical,CB,239,881,27.12826334,NA
30,total,virtual,LB,27522.51,39198.4051,70.21334141,NA
30,total,physical,LB,362,881,41.08967083,NA
30,total,virtual,SB,1592.202,39198.4051,4.061905059,NA
30,total,physical,SB,111,881,12.59931896,NA
30,total,virtual,UL,0,39198.4051,0,NA
30,total,physical,UL,49,881,5.561861521,NA
30,total,virtual,LL,0,39198.4051,0,NA
30,total,physical,LL,43,881,4.880817253,NA
30,total,virtual,T,0,39198.4051,0,NA
30,total,physical,T,77,881,8.740068104,NA
30,total,virtual,TOT,39198.4051,39198.4051,100,NA
30,total,physical,TOT,881,881,100,NA
30,upper,virtual,CB,1978.608,5685.188,34.80285964,19.62185858
30,upper,physical,CB,68,172,39.53488372,28.45188285
30,upper,virtual,LB,3706.58,5685.188,65.19714036,13.46744901
30,upper,physical,LB,45,172,26.1627907,12.43093923
30,upper,virtual,SB,0,5685.188,0,0
30,upper,physical,SB,17,172,9.88372093,15.31531532
30,upper,virtual,UL,0,5685.188,0,NA
30,upper,physical,UL,9,172,5.23255814,18.36734694
30,upper,virtual,LL,0,5685.188,0,NA
30,upper,physical,LL,11,172,6.395348837,25.58139535
30,upper,virtual,T,0,5685.188,0,NA
30,upper,physical,T,22,172,12.79069767,28.57142857
30,upper,virtual,TOT,5685.188,5685.188,100,14.50362071
30,upper,physical,TOT,172,172,100,19.52326901
30,central,virtual,CB,6292.2531,21653.8761,29.05832226,62.40028368
30,central,physical,CB,92,291,31.61512027,38.49372385
30,central,virtual,LB,14509.48,21653.8761,67.00638691,52.71859289
30,central,physical,LB,104,291,35.73883162,28.72928177
30,central,virtual,SB,852.143,21653.8761,3.935290828,53.51977953
30,central,physical,SB,26,291,8.934707904,23.42342342
30,central,virtual,UL,0,21653.8761,0,NA
30,central,physical,UL,23,291,7.903780069,46.93877551
30,central,virtual,LL,0,21653.8761,0,NA
30,central,physical,LL,20,291,6.872852234,46.51162791
30,central,virtual,T,0,21653.8761,0,NA
30,central,physical,T,26,291,8.934707904,33.76623377
30,central,virtual,TOT,21653.8761,21653.8761,100,55.24172742
30,central,physical,TOT,291,291,100,33.03064699
30,lower,virtual,CB,1831.497,11912.573,15.37448711,18.16295857
30,lower,physical,CB,79,418,18.89952153,33.05439331
30,lower,virtual,LB,9340.4,11912.573,78.40791406,33.93731168
30,lower,physical,LB,213,418,50.9569378,58.83977901
30,lower,virtual,SB,740.676,11912.573,6.217598834,46.51897184
30,lower,physical,SB,68,418,16.26794258,61.26126126
30,lower,virtual,UL,0,11912.573,0,NA
30,lower,physical,UL,17,418,4.066985646,34.69387755
30,lower,virtual,LL,0,11912.573,0,NA
30,lower,physical,LL,12,418,2.870813397,27.90697674
30,lower,virtual,T,0,11912.573,0,NA
30,lower,physical,T,29,418,6.937799043,37.66233766
30,lower,virtual,TOT,11912.573,11912.573,100,30.39045331
30,lower,physical,TOT,418,418,100,47.446084
30,half_A,virtual,CB,2866.058,20311.98,14.11018522,28.4227016
30,half_A,physical,CB,89,405,21.97530864,37.23849372
30,half_A,virtual,LB,16082.03,20311.98,79.17509765,58.43227961
30,half_A,physical,LB,164,405,40.49382716,45.3038674
30,half_A,virtual,SB,1363.892,20311.98,6.714717128,85.66073903
30,half_A,physical,SB,66,405,16.2962963,59.45945946
30,half_A,virtual,UL,0,20311.98,0,NA
30,half_A,physical,UL,26,405,6.419753086,53.06122449
30,half_A,virtual,LL,0,20311.98,0,NA
30,half_A,physical,LL,28,405,6.913580247,65.11627907
30,half_A,virtual,T,0,20311.98,0,NA
30,half_A,physical,T,32,405,7.901234568,41.55844156
30,half_A,virtual,TOT,20311.98,20311.98,100,51.8183838
30,half_A,physical,TOT,405,405,100,45.97048808
30,half_B,virtual,CB,7222.9231,18942.6091,38.13056091,71.6297395
30,half_B,physical,CB,150,476,31.51260504,62.76150628
30,half_B,virtual,LB,11491.38,18942.6091,60.66418802,41.75265991
30,half_B,physical,LB,198,476,41.59663866,54.6961326
30,half_B,virtual,SB,228.306,18942.6091,1.205251076,14.33900975
30,half_B,physical,SB,45,476,9.453781513,40.54054054
30,half_B,virtual,UL,0,18942.6091,0,NA
30,half_B,physical,UL,23,476,4.831932773,46.93877551
30,half_B,virtual,LL,0,18942.6091,0,NA
30,half_B,physical,LL,15,476,3.151260504,34.88372093
30,half_B,virtual,T,0,18942.6091,0,NA
30,half_B,physical,T,45,476,9.453781513,58.44155844
30,half_B,virtual,TOT,18942.6091,18942.6091,100,48.32494856
30,half_B,physical,TOT,476,476,100,54.02951192
30,half_C,virtual,CB,5042.71,21088.072,23.91261752,50.00856283
30,half_C,physical,CB,141,488,28.89344262,58.9958159
30,half_C,virtual,LB,14453.16,21088.072,68.53713322,52.51396039
30,half_C,physical,LB,187,488,38.31967213,51.65745856
30,half_C,virtual,SB,1592.202,21088.072,7.550249259,100
30,half_C,physical,SB,51,488,10.45081967,45.94594595
30,half_C,virtual,UL,0,21088.072,0,NA
30,half_C,physical,UL,33,488,6.762295082,67.34693878
30,half_C,virtual,LL,0,21088.072,0,NA
30,half_C,physical,LL,31,488,6.352459016,72.09302326
30,half_C,virtual,T,0,21088.072,0,NA
30,half_C,physical,T,45,488,9.221311475,58.44155844
30,half_C,virtual,TOT,21088.072,21088.072,100,53.79829089
30,half_C,physical,TOT,488,488,100,55.39160045
30,half_D,virtual,CB,5056.4011,18177.9611,27.81610695,50.14433749
30,half_D,physical,CB,98,393,24.93638677,41.0041841
30,half_D,virtual,LB,13121.56,18177.9611,72.18389305,47.67573888
30,half_D,physical,LB,175,393,44.52926209,48.34254144
30,half_D,virtual,SB,0,18177.9611,0,0
30,half_D,physical,SB,60,393,15.26717557,54.05405405
30,half_D,virtual,UL,0,18177.9611,0,NA
30,half_D,physical,UL,16,393,4.071246819,32.65306122
30,half_D,virtual,LL,0,18177.9611,0,NA
30,half_D,physical,LL,12,393,3.053435115,27.90697674
30,half_D,virtual,T,0,18177.9611,0,NA
30,half_D,physical,T,32,393,8.142493639,41.55844156
30,half_D,virtual,TOT,18177.9611,18177.9611,100,46.37423654
30,half_D,physical,TOT,393,393,100,44.60839955
32,total,virtual,CB,19099.1017,73557.6717,25.96479913,NA
32,total,physical,CB,457,2850,16.03508772,NA
32,total,virtual,LB,32701.48,73557.6717,44.45692644,NA
32,total,physical,LB,1193,2850,41.85964912,NA
32,total,virtual,SB,21757.09,73557.6717,29.57827443,NA
32,total,physical,SB,633,2850,22.21052632,NA
32,total,virtual,UL,0,73557.6717,0,NA
32,total,physical,UL,79,2850,2.771929825,NA
32,total,virtual,LL,0,73557.6717,0,NA
32,total,physical,LL,161,2850,5.649122807,NA
32,total,virtual,T,0,73557.6717,0,NA
32,total,physical,T,327,2850,11.47368421,NA
32,total,virtual,TOT,73557.6717,73557.6717,100,NA
32,total,physical,TOT,2850,2850,100,NA
32,upper,virtual,CB,6430.2917,19414.7047,33.12072885,33.66803215
32,upper,physical,CB,167,1028,16.24513619,36.54266958
32,upper,virtual,LB,8251.13,19414.7047,42.4993845,25.23167147
32,upper,physical,LB,449,1028,43.6770428,37.63621123
32,upper,virtual,SB,4733.283,19414.7047,24.37988665,21.75512902
32,upper,physical,SB,242,1028,23.54085603,38.23064771
32,upper,virtual,UL,0,19414.7047,0,NA
32,upper,physical,UL,31,1028,3.015564202,39.24050633
32,upper,virtual,LL,0,19414.7047,0,NA
32,upper,physical,LL,80,1028,7.782101167,49.68944099
32,upper,virtual,T,0,19414.7047,0,NA
32,upper,physical,T,59,1028,5.739299611,18.04281346
32,upper,virtual,TOT,19414.7047,19414.7047,100,26.39385431
32,upper,physical,TOT,1028,1028,100,36.07017544
32,central,virtual,CB,10321.8,34970.52,29.51571781,54.04337943
32,central,physical,CB,170,947,17.95142555,37.19912473
32,central,virtual,LB,15350.47,34970.52,43.89545823,46.94120878
32,central,physical,LB,375,947,39.59873284,31.43336127
32,central,virtual,SB,9298.25,34970.52,26.58882396,42.73664355
32,central,physical,SB,180,947,19.00739176,28.43601896
32,central,virtual,UL,0,34970.52,0,NA
32,central,physical,UL,25,947,2.639915523,31.64556962
32,central,virtual,LL,0,34970.52,0,NA
32,central,physical,LL,41,947,4.329461457,25.46583851
32,central,virtual,T,0,34970.52,0,NA
32,central,physical,T,156,947,16.47307286,47.70642202
32,central,virtual,TOT,34970.52,34970.52,100,47.54163528
32,central,physical,TOT,947,947,100,33.22807018
32,lower,virtual,CB,2372.911,19254.881,12.32368562,12.42420213
32,lower,physical,CB,120,875,13.71428571,26.25820569
32,lower,virtual,LB,9131.08,19254.881,47.42215753,27.92252828
32,lower,physical,LB,369,875,42.17142857,30.93042749
32,lower,virtual,SB,7750.89,19254.881,40.25415686,35.62466304
32,lower,physical,SB,211,875,24.11428571,33.33333333
32,lower,virtual,UL,0,19254.881,0,NA
32,lower,physical,UL,23,875,2.628571429,29.11392405
32,lower,virtual,LL,0,19254.881,0,NA
32,lower,physical,LL,40,875,4.571428571,24.8447205
32,lower,virtual,T,0,19254.881,0,NA
32,lower,physical,T,112,875,12.8,34.25076453
32,lower,virtual,TOT,19254.881,19254.881,100,26.17657758
32,lower,physical,TOT,875,875,100,30.70175439
32,half_A,virtual,CB,11414.7317,31368.0917,36.38962743,59.76580406
32,half_A,physical,CB,261,1423,18.34153197,57.11159737
32,half_A,virtual,LB,11421.67,31368.0917,36.4117464,34.92707364
32,half_A,physical,LB,601,1423,42.23471539,50.37720034
32,half_A,virtual,SB,8531.69,31368.0917,27.19862618,39.21337826
32,half_A,physical,SB,284,1423,19.95783556,44.8657188
32,half_A,virtual,UL,0,31368.0917,0,NA
32,half_A,physical,UL,34,1423,2.389318342,43.03797468
32,half_A,virtual,LL,0,31368.0917,0,NA
32,half_A,physical,LL,70,1423,4.919184821,43.47826087
32,half_A,virtual,T,0,31368.0917,0,NA
32,half_A,physical,T,173,1423,12.15741391,52.90519878
32,half_A,virtual,TOT,31368.0917,31368.0917,100,42.64421504
32,half_A,physical,TOT,1423,1423,100,49.92982456
32,half_B,virtual,CB,7710.41,42337.43,18.21180454,40.37053743
32,half_B,physical,CB,196,1427,13.73510862,42.88840263
32,half_B,virtual,LB,21359.34,42337.43,50.4502517,65.31612636
32,half_B,physical,LB,592,1427,41.4856342,49.62279966
32,half_B,virtual,SB,13267.68,42337.43,31.33794375,60.9809492
32,half_B,physical,SB,349,1427,24.45690259,55.1342812
32,half_B,virtual,UL,0,42337.43,0,NA
32,half_B,physical,UL,45,1427,3.153468816,56.96202532
32,half_B,virtual,LL,0,42337.43,0,NA
32,half_B,physical,LL,91,1427,6.377014716,56.52173913
32,half_B,virtual,T,0,42337.43,0,NA
32,half_B,physical,T,154,1427,10.79187106,47.09480122
32,half_B,virtual,TOT,42337.43,42337.43,100,57.55678371
32,half_B,physical,TOT,1427,1427,100,50.07017544
32,half_C,virtual,CB,5584.71,36575.81,15.26886212,29.2406946
32,half_C,physical,CB,147,1294,11.36012365,32.16630197
32,half_C,virtual,LB,18140.13,36575.81,49.59597614,55.47189302
32,half_C,physical,LB,576,1294,44.51313756,48.28164292
32,half_C,virtual,SB,12850.97,36575.81,35.13516174,59.06566549
32,half_C,physical,SB,280,1294,21.63833076,44.23380727
32,half_C,virtual,UL,0,36575.81,0,NA
32,half_C,physical,UL,40,1294,3.091190108,50.63291139
32,half_C,virtual,LL,0,36575.81,0,NA
32,half_C,physical,LL,86,1294,6.646058733,53.41614907
32,half_C,virtual,T,0,36575.81,0,NA
32,half_C,physical,T,165,1294,12.7511592,50.4587156
32,half_C,virtual,TOT,36575.81,36575.81,100,49.72399092
32,half_C,physical,TOT,1294,1294,100,45.40350877
32,half_D,virtual,CB,13533.0117,37138.7217,36.43908859,70.85679689
32,half_D,physical,CB,310,1556,19.92287918,67.83369803
32,half_D,virtual,LB,14652.14,37138.7217,39.45246182,44.80573968
32,half_D,physical,LB,617,1556,39.6529563,51.71835708
32,half_D,virtual,SB,8953.57,37138.7217,24.10844959,41.15242434
32,half_D,physical,SB,353,1556,22.68637532,55.76619273
32,half_D,virtual,UL,0,37138.7217,0,NA
32,half_D,physical,UL,39,1556,2.506426735,49.36708861
32,half_D,virtual,LL,0,37138.7217,0,NA
32,half_D,physical,LL,75,1556,4.820051414,46.58385093
32,half_D,virtual,T,0,37138.7217,0,NA
32,half_D,physical,T,162,1556,10.41131105,49.5412844
32,half_D,virtual,TOT,37138.7217,37138.7217,100,50.48925672
32,half_D,physical,TOT,1556,1556,100,54.59649123
